Ticker,Company,Total Calls,2022_Q1,2022_Q2,2022_Q3,2022_Q4,2023_Q1,2023_Q2,2023_Q3,2023_Q4,2024_Q1,2024_Q2,2024_Q3,2024_Q4,2025_Q1,2025_Q2,2025_Q3,2025_Q4
A,Agilent Technologies,16,1,1,1,1,1,1,1,1,1,1,1,1,1,1,1,1
AAPL,AAPL,3,0,0,0,0,0,0,0,0,0,0,0,0,1,1,0,1
ABBV,AbbVie,16,1,1,1,1,1,1,1,1,1,1,1,1,1,1,1,1
ABNB,Airbnb,16,1,1,1,1,1,1,1,1,1,1,1,1,1,1,1,1
ABT,Abbott Laboratories,13,1,0,1,1,0,1,1,1,0,1,1,1,1,1,1,1
ACN,Accenture,15,1,1,1,1,0,1,1,1,1,1,1,1,1,1,1,1
ADBE,Adobe Inc.,16,1,1,1,1,1,1,1,1,1,1,1,1,1,1,1,1
ADP,Automatic Data Processing,16,1,1,1,1,1,1,1,1,1,1,1,1,1,1,1,1
ADSK,Autodesk,16,1,1,1,1,1,1,1,1,1,1,1,1,1,1,1,1
AEP,AEP,3,0,0,0,0,0,0,0,0,0,0,0,0,1,1,0,1
AES,AES Corporation,14,1,0,1,1,1,1,1,1,1,1,1,1,1,1,1,0
AFL,Aflac,16,1,1,1,1,1,1,1,1,1,1,1,1,1,1,1,1
AIG,AIG,3,0,0,0,0,0,0,0,0,0,0,0,0,1,1,0,1
AIZ,Assurant,16,1,1,1,1,1,1,1,1,1,1,1,1,1,1,1,1
AJG,Arthur J. Gallagher & Co.,16,1,1,1,1,1,1,1,1,1,1,1,1,1,1,1,1
AKAM,Akamai Technologies,16,1,1,1,1,1,1,1,1,1,1,1,1,1,1,1,1
ALB,Albemarle Corporation,14,1,1,1,1,1,1,1,1,1,1,1,0,1,1,0,1
ALNY,ALNY,5,1,0,0,0,0,0,0,0,0,0,0,0,1,1,1,1
AMAT,AMAT,4,0,0,0,0,0,0,0,0,0,0,0,0,1,1,1,1
AMCR,AMCR,4,0,0,0,0,0,0,0,0,0,0,0,0,1,1,1,1
AMD,Advanced Micro Devices,16,1,1,1,1,1,1,1,1,1,1,1,1,1,1,1,1
AME,Ametek,16,1,1,1,1,1,1,1,1,1,1,1,1,1,1,1,1
AMGN,Amgen,16,1,1,1,1,1,1,1,1,1,1,1,1,1,1,1,1
AMP,Ameriprise Financial,16,1,1,1,1,1,1,1,1,1,1,1,1,1,1,1,1
AMT,AMT,4,0,0,0,0,0,0,0,0,0,0,0,0,1,1,1,1
AMZN,AMZN,4,0,0,0,0,0,0,0,0,0,0,0,0,1,1,1,1
ANET,Arista Networks,16,1,1,1,1,1,1,1,1,1,1,1,1,1,1,1,1
AOS,A. O. Smith,16,1,1,1,1,1,1,1,1,1,1,1,1,1,1,1,1
APD,Air Products,16,1,1,1,1,1,1,1,1,1,1,1,1,1,1,1,1
APH,Amphenol,14,1,1,1,1,1,1,1,1,1,1,0,0,1,1,1,1
APO,APO,4,0,0,0,0,0,0,0,0,0,0,0,0,1,1,1,1
ARES,Ares Management,4,0,0,0,0,0,0,0,0,0,0,0,0,1,1,1,1
ARGX,ARGX,5,1,0,0,0,0,0,0,0,0,0,0,0,1,1,1,1
ATO,Atmos Energy,7,0,0,0,0,0,0,0,0,0,1,1,1,1,1,1,1
AVB,AvalonBay Communities,9,1,1,1,1,1,0,0,0,0,0,0,0,1,1,1,1
AVGO,AVGO,3,0,0,0,0,0,0,0,0,0,0,0,0,1,1,1,0
AVY,AVY,3,0,0,0,0,0,0,0,0,0,0,0,0,1,1,1,0
AWK,American Water Works,3,0,0,0,0,0,0,0,0,0,0,0,0,1,1,0,1
AXP,AXP,3,0,0,0,0,0,0,0,0,0,0,0,0,1,1,1,0
AZO,AutoZone,16,1,1,1,1,1,1,1,1,1,1,1,1,1,1,1,1
BA,BA,3,0,0,0,0,0,0,0,0,0,0,0,0,1,1,1,0
BAC,BAC,3,0,0,0,0,0,0,0,0,0,0,0,0,1,1,1,0
BF-B,BF-B,3,0,0,0,0,0,0,0,0,0,0,0,0,1,1,1,0
BG,BG,3,0,0,0,0,0,0,0,0,0,0,0,0,1,1,1,0
BIIB,BIIB,3,0,0,0,0,0,0,0,0,0,0,0,0,1,1,1,0
BK,BK,3,0,0,0,0,0,0,0,0,0,0,0,0,1,1,1,0
BKNG,BKNG,3,0,0,0,0,0,0,0,0,0,0,0,0,1,1,1,0
BLDR,BLDR,3,0,0,0,0,0,0,0,0,0,0,0,0,1,1,1,0
BLK,BLK,3,0,0,0,0,0,0,0,0,0,0,0,0,1,1,1,0
BMY,BMY,3,0,0,0,0,0,0,0,0,0,0,0,0,1,1,1,0
BNY,BNY,3,0,0,0,0,0,0,0,0,0,0,0,0,1,1,1,0
BR,BR,3,0,0,0,0,0,0,0,0,0,0,0,0,1,1,1,0
BRO,BRO,3,0,0,0,0,0,0,0,0,0,0,0,0,1,1,1,0
BSX,BSX,3,0,0,0,0,0,0,0,0,0,0,0,0,1,1,1,0
BURL,BURL,4,1,0,0,0,0,0,0,0,0,0,0,0,1,1,1,0
BX,BX,3,0,0,0,0,0,0,0,0,0,0,0,0,1,1,1,0
BXP,"BXP, Inc.",14,0,0,1,1,1,1,1,1,1,1,1,1,1,1,1,1
C,C,3,0,0,0,0,0,0,0,0,0,0,0,0,1,1,1,0
CAH,CAH,3,0,0,0,0,0,0,0,0,0,0,0,0,1,1,1,0
CARR,CARR,3,0,0,0,0,0,0,0,0,0,0,0,0,1,1,1,0
CASY,CASY,3,0,0,0,0,0,0,0,0,0,0,0,0,1,1,1,0
CAT,CAT,3,0,0,0,0,0,0,0,0,0,0,0,0,1,1,1,0
CB,CB,3,0,0,0,0,0,0,0,0,0,0,0,0,1,1,1,0
CBOE,CBOE,3,0,0,0,0,0,0,0,0,0,0,0,0,1,1,1,0
CBRE,CBRE,3,0,0,0,0,0,0,0,0,0,0,0,0,1,1,1,0
CCI,CCI,3,0,0,0,0,0,0,0,0,0,0,0,0,1,1,1,0
CCL,CCL,3,0,0,0,0,0,0,0,0,0,0,0,0,1,1,1,0
CDNS,Cadence Design Systems,16,1,1,1,1,1,1,1,1,1,1,1,1,1,1,1,1
CDW,CDW,3,0,0,0,0,0,0,0,0,0,0,0,0,1,1,1,0
CELH,CELH,4,1,0,0,0,0,0,0,0,0,0,0,0,1,1,1,0
CF,CF,3,0,0,0,0,0,0,0,0,0,0,0,0,1,1,1,0
CFG,CFG,3,0,0,0,0,0,0,0,0,0,0,0,0,1,1,1,0
CFLT,CFLT,4,1,0,0,0,0,0,0,0,0,0,0,0,1,1,1,0
CHD,CHD,3,0,0,0,0,0,0,0,0,0,0,0,0,1,1,1,0
CHKP,CHKP,4,1,0,0,0,0,0,0,0,0,0,0,0,1,1,1,0
CHRD,CHRD,4,1,0,0,0,0,0,0,0,0,0,0,0,1,1,1,0
CHRW,C.H. Robinson,16,1,1,1,1,1,1,1,1,1,1,1,1,1,1,1,1
CHTR,CHTR,3,0,0,0,0,0,0,0,0,0,0,0,0,1,1,1,0
CI,CI,3,0,0,0,0,0,0,0,0,0,0,0,0,1,1,1,0
CIEN,CIEN,3,0,0,0,0,0,0,0,0,0,0,0,0,1,1,1,0
CINF,CINF,3,0,0,0,0,0,0,0,0,0,0,0,0,1,1,1,0
CL,CL,3,0,0,0,0,0,0,0,0,0,0,0,0,1,1,1,0
CLX,CLX,3,0,0,0,0,0,0,0,0,0,0,0,0,1,1,1,0
CMCSA,CMCSA,3,0,0,0,0,0,0,0,0,0,0,0,0,1,1,1,0
CME,CME,3,0,0,0,0,0,0,0,0,0,0,0,0,1,1,1,0
CMG,CMG,2,0,0,0,0,0,0,0,0,0,0,0,0,1,0,1,0
CMS,CMS,3,0,0,0,0,0,0,0,0,0,0,0,0,1,1,1,0
CNC,CNC,3,0,0,0,0,0,0,0,0,0,0,0,0,1,1,1,0
CNM,CNM,4,1,0,0,0,0,0,0,0,0,0,0,0,1,1,1,0
CNP,CNP,2,0,0,0,0,0,0,0,0,0,0,0,0,1,1,0,0
COF,COF,2,0,0,0,0,0,0,0,0,0,0,0,0,1,1,0,0
COHR,COHR,2,0,0,0,0,0,0,0,0,0,0,0,0,1,1,0,0
COIN,COIN,2,0,0,0,0,0,0,0,0,0,0,0,0,1,1,0,0
COP,COP,2,0,0,0,0,0,0,0,0,0,0,0,0,1,1,0,0
COR,COR,2,0,0,0,0,0,0,0,0,0,0,0,0,1,1,0,0
CORT,CORT,3,1,0,0,0,0,0,0,0,0,0,0,0,1,1,0,0
COST,COST,2,0,0,0,0,0,0,0,0,0,0,0,0,1,1,0,0
CPB,CPB,2,0,0,0,0,0,0,0,0,0,0,0,0,1,1,0,0
CPT,Camden Property Trust,14,1,1,1,1,1,1,1,1,1,1,1,1,1,1,0,0
CRDO,CRDO,2,0,0,0,0,0,0,0,0,0,0,0,0,1,1,0,0
CRL,CRL,2,0,0,0,0,0,0,0,0,0,0,0,0,1,1,0,0
CRM,CRM,3,1,0,0,0,0,0,0,0,0,0,0,0,1,1,0,0
CRUS,CRUS,3,1,0,0,0,0,0,0,0,0,0,0,0,1,1,0,0
CRWD,CRWD,2,0,0,0,0,0,0,0,0,0,0,0,0,1,1,0,0
CSCO,CSCO,2,0,0,0,0,0,0,0,0,0,0,0,0,1,1,0,0
CSX,CSX,2,0,0,0,0,0,0,0,0,0,0,0,0,1,1,0,0
CTAS,CTAS,2,0,0,0,0,0,0,0,0,0,0,0,0,1,1,0,0
CTSH,CTSH,2,0,0,0,0,0,0,0,0,0,0,0,0,1,1,0,0
CTVA,CTVA,2,0,0,0,0,0,0,0,0,0,0,0,0,1,1,0,0
CVNA,CVNA,2,0,0,0,0,0,0,0,0,0,0,0,0,1,1,0,0
CVS,CVS,2,0,0,0,0,0,0,0,0,0,0,0,0,1,1,0,0
CVX,CVX,2,0,0,0,0,0,0,0,0,0,0,0,0,1,1,0,0
CYBR,CYBR,2,1,0,0,0,0,0,0,0,0,0,0,0,1,0,0,0
D,D,2,0,0,0,0,0,0,0,0,0,0,0,0,1,1,0,0
DAL,DAL,2,0,0,0,0,0,0,0,0,0,0,0,0,1,1,0,0
DASH,DASH,2,0,0,0,0,0,0,0,0,0,0,0,0,1,1,0,0
DBX,DBX,3,1,0,0,0,0,0,0,0,0,0,0,0,1,1,0,0
DD,DD,2,0,0,0,0,0,0,0,0,0,0,0,0,1,1,0,0
DDOG,DDOG,2,0,0,0,0,0,0,0,0,0,0,0,0,1,1,0,0
DE,DE,1,0,0,0,0,0,0,0,0,0,0,0,0,0,1,0,0
DELL,DELL,2,0,0,0,0,0,0,0,0,0,0,0,0,1,1,0,0
DFS,DFS,2,1,0,0,0,0,0,0,0,0,0,0,0,1,0,0,0
DG,DG,2,0,0,0,0,0,0,0,0,0,0,0,0,1,1,0,0
DGX,DGX,3,1,0,0,0,0,0,0,0,0,0,0,0,1,1,0,0
DHI,DHI,2,0,0,0,0,0,0,0,0,0,0,0,0,1,1,0,0
DHR,DHR,2,0,0,0,0,0,0,0,0,0,0,0,0,1,1,0,0
DIS,DIS,3,1,0,0,0,0,0,0,0,0,0,0,0,1,1,0,0
DLR,DLR,1,0,0,0,0,0,0,0,0,0,0,0,0,0,1,0,0
DLTR,DLTR,2,0,0,0,0,0,0,0,0,0,0,0,0,1,1,0,0
DOC,DOC,3,1,0,0,0,0,0,0,0,0,0,0,0,1,1,0,0
DOCU,DOCU,3,1,0,0,0,0,0,0,0,0,0,0,0,1,1,0,0
DOV,DOV,2,0,0,0,0,0,0,0,0,0,0,0,0,1,1,0,0
DOW,DOW,2,0,0,0,0,0,0,0,0,0,0,0,0,1,1,0,0
DPZ,DPZ,2,0,0,0,0,0,0,0,0,0,0,0,0,1,1,0,0
DRI,DRI,2,0,0,0,0,0,0,0,0,0,0,0,0,1,1,0,0
DT,DT,3,1,0,0,0,0,0,0,0,0,0,0,0,1,1,0,0
DTE,DTE,2,0,0,0,0,0,0,0,0,0,0,0,0,1,1,0,0
DUK,DUK,1,0,0,0,0,0,0,0,0,0,0,0,0,0,1,0,0
DUOL,DUOL,3,1,0,0,0,0,0,0,0,0,0,0,0,1,1,0,0
DVN,DVN,2,0,0,0,0,0,0,0,0,0,0,0,0,1,1,0,0
DXCM,DXCM,2,0,0,0,0,0,0,0,0,0,0,0,0,1,1,0,0
EA,EA,2,0,0,0,0,0,0,0,0,0,0,0,0,1,1,0,0
EBAY,EBAY,2,0,0,0,0,0,0,0,0,0,0,0,0,1,1,0,0
ECL,ECL,2,0,0,0,0,0,0,0,0,0,0,0,0,1,1,0,0
EIX,EIX,1,0,0,0,0,0,0,0,0,0,0,0,0,0,1,0,0
ELF,ELF,3,1,0,0,0,0,0,0,0,0,0,0,0,1,1,0,0
ELV,ELV,1,0,0,0,0,0,0,0,0,0,0,0,0,0,1,0,0
EME,EME,1,0,0,0,0,0,0,0,0,0,0,0,0,0,1,0,0
EMR,EMR,1,0,0,0,0,0,0,0,0,0,0,0,0,0,1,0,0
EOG,EOG,1,0,0,0,0,0,0,0,0,0,0,0,0,0,1,0,0
EPAM,EPAM,1,0,0,0,0,0,0,0,0,0,0,0,0,0,1,0,0
EQIX,EQIX,1,0,0,0,0,0,0,0,0,0,0,0,0,0,1,0,0
EQR,EQR,2,0,0,0,0,0,0,0,0,0,0,0,0,1,1,0,0
ETN,ETN,2,0,0,0,0,0,0,0,0,0,0,0,0,1,1,0,0
ETR,ETR,1,0,0,0,0,0,0,0,0,0,0,0,0,0,1,0,0
EW,EW,1,0,0,0,0,0,0,0,0,0,0,0,0,0,1,0,0
EXAS,EXAS,3,1,0,0,0,0,0,0,0,0,0,0,0,1,1,0,0
FANG,FANG,2,0,0,0,0,0,0,0,0,0,0,0,0,1,1,0,0
FDX,FDX,3,1,0,0,0,0,0,0,0,0,0,0,0,1,1,0,0
FICO,FICO,2,1,0,0,0,0,0,0,0,0,0,0,0,1,0,0,0
FITB,FITB,2,1,0,0,0,0,0,0,0,0,0,0,0,1,0,0,0
FIVE,FIVE,2,1,0,0,0,0,0,0,0,0,0,0,0,1,0,0,0
FIX,FIX,1,0,0,0,0,0,0,0,0,0,0,0,0,1,0,0,0
FLO,FLO,2,1,0,0,0,0,0,0,0,0,0,0,0,1,0,0,0
FOUR,FOUR,2,1,0,0,0,0,0,0,0,0,0,0,0,1,0,0,0
FRSH,FRSH,2,1,0,0,0,0,0,0,0,0,0,0,0,1,0,0,0
FTNT,FTNT,2,1,0,0,0,0,0,0,0,0,0,0,0,1,0,0,0
GD,GD,2,1,0,0,0,0,0,0,0,0,0,0,0,1,0,0,0
GDDY,GDDY,2,1,0,0,0,0,0,0,0,0,0,0,0,1,0,0,0
GE,GE,2,1,0,0,0,0,0,0,0,0,0,0,0,1,0,0,0
GEHC,GEHC,1,0,0,0,0,0,0,0,0,0,0,0,0,1,0,0,0
GEN,GEN,2,1,0,0,0,0,0,0,0,0,0,0,0,1,0,0,0
GEV,GEV,1,0,0,0,0,0,0,0,0,0,0,0,0,1,0,0,0
GFS,GFS,2,1,0,0,0,0,0,0,0,0,0,0,0,1,0,0,0
GILD,GILD,2,1,0,0,0,0,0,0,0,0,0,0,0,1,0,0,0
GIS,GIS,2,1,0,0,0,0,0,0,0,0,0,0,0,1,0,0,0
GL,GL,2,1,0,0,0,0,0,0,0,0,0,0,0,1,0,0,0
GM,GM,2,1,0,0,0,0,0,0,0,0,0,0,0,1,0,0,0
GNRC,GNRC,2,1,0,0,0,0,0,0,0,0,0,0,0,1,0,0,0
GOOG,GOOG,1,0,0,0,0,0,0,0,0,0,0,0,0,0,1,0,0
GOOGL,GOOGL,1,0,0,0,0,0,0,0,0,0,0,0,0,0,1,0,0
GPC,GPC,2,1,0,0,0,0,0,0,0,0,0,0,0,1,0,0,0
GPN,GPN,2,1,0,0,0,0,0,0,0,0,0,0,0,1,0,0,0
GS,GS,2,1,0,0,0,0,0,0,0,0,0,0,0,1,0,0,0
GWRE,GWRE,2,1,0,0,0,0,0,0,0,0,0,0,0,1,0,0,0
GWW,GWW,2,1,0,0,0,0,0,0,0,0,0,0,0,0,1,0,0
HAL,HAL,2,1,0,0,0,0,0,0,0,0,0,0,0,1,0,0,0
HAS,HAS,2,1,0,0,0,0,0,0,0,0,0,0,0,1,0,0,0
HBAN,HBAN,2,1,0,0,0,0,0,0,0,0,0,0,0,1,0,0,0
HCA,HCA,2,1,0,0,0,0,0,0,0,0,0,0,0,1,0,0,0
HD,HD,2,1,0,0,0,0,0,0,0,0,0,0,0,1,0,0,0
HIG,HIG,2,1,0,0,0,0,0,0,0,0,0,0,0,1,0,0,0
HII,HII,2,1,0,0,0,0,0,0,0,0,0,0,0,1,0,0,0
HIMS,HIMS,2,1,0,0,0,0,0,0,0,0,0,0,0,1,0,0,0
HLT,HLT,2,1,0,0,0,0,0,0,0,0,0,0,0,1,0,0,0
HON,HON,2,1,0,0,0,0,0,0,0,0,0,0,0,1,0,0,0
HOOD,HOOD,2,1,0,0,0,0,0,0,0,0,0,0,0,1,0,0,0
HPE,HPE,2,1,0,0,0,0,0,0,0,0,0,0,0,1,0,0,0
HPQ,HPQ,1,0,0,0,0,0,0,0,0,0,0,0,0,1,0,0,0
HRL,HRL,1,0,0,0,0,0,0,0,0,0,0,0,0,1,0,0,0
HSIC,HSIC,1,0,0,0,0,0,0,0,0,0,0,0,0,1,0,0,0
HST,HST,1,0,0,0,0,0,0,0,0,0,0,0,0,1,0,0,0
HSY,HSY,1,0,0,0,0,0,0,0,0,0,0,0,0,1,0,0,0
HUBB,HUBB,1,0,0,0,0,0,0,0,0,0,0,0,0,1,0,0,0
HUM,HUM,1,0,0,0,0,0,0,0,0,0,0,0,0,1,0,0,0
HWM,HWM,1,0,0,0,0,0,0,0,0,0,0,0,0,1,0,0,0
IAC,IAC,1,0,0,0,0,0,0,0,0,0,0,0,0,1,0,0,0
IBKR,IBKR,1,0,0,0,0,0,0,0,0,0,0,0,0,1,0,0,0
IBM,IBM,1,0,0,0,0,0,0,0,0,0,0,0,0,1,0,0,0
ICE,ICE,1,0,0,0,0,0,0,0,0,0,0,0,0,1,0,0,0
IDXX,IDXX,1,0,0,0,0,0,0,0,0,0,0,0,0,1,0,0,0
IEX,IEX,1,0,0,0,0,0,0,0,0,0,0,0,0,1,0,0,0
IFF,IFF,1,0,0,0,0,0,0,0,0,0,0,0,0,1,0,0,0
INCY,INCY,1,0,0,0,0,0,0,0,0,0,0,0,0,1,0,0,0
INFA,INFA,1,0,0,0,0,0,0,0,0,0,0,0,0,1,0,0,0
INTC,INTC,1,0,0,0,0,0,0,0,0,0,0,0,0,1,0,0,0
INTU,INTU,1,0,0,0,0,0,0,0,0,0,0,0,0,1,0,0,0
INVH,INVH,1,0,0,0,0,0,0,0,0,0,0,0,0,1,0,0,0
IP,IP,1,0,0,0,0,0,0,0,0,0,0,0,0,1,0,0,0
IQV,IQV,1,0,0,0,0,0,0,0,0,0,0,0,0,1,0,0,0
IR,IR,1,0,0,0,0,0,0,0,0,0,0,0,0,1,0,0,0
IRM,IRM,1,0,0,0,0,0,0,0,0,0,0,0,0,1,0,0,0
ISRG,ISRG,1,0,0,0,0,0,0,0,0,0,0,0,0,1,0,0,0
ITW,ITW,1,0,0,0,0,0,0,0,0,0,0,0,0,1,0,0,0
IVZ,IVZ,1,0,0,0,0,0,0,0,0,0,0,0,0,1,0,0,0
J,J,1,0,0,0,0,0,0,0,0,0,0,0,0,1,0,0,0
JBHT,JBHT,1,0,0,0,0,0,0,0,0,0,0,0,0,1,0,0,0
JBL,JBL,1,0,0,0,0,0,0,0,0,0,0,0,0,1,0,0,0
JCI,JCI,1,0,0,0,0,0,0,0,0,0,0,0,0,1,0,0,0
JKHY,JKHY,1,0,0,0,0,0,0,0,0,0,0,0,0,1,0,0,0
JNJ,JNJ,1,0,0,0,0,0,0,0,0,0,0,0,0,1,0,0,0
JPM,JPM,1,0,0,0,0,0,0,0,0,0,0,0,0,1,0,0,0
KD,KD,1,0,0,0,0,0,0,0,0,0,0,0,0,1,0,0,0
KDP,KDP,1,0,0,0,0,0,0,0,0,0,0,0,0,1,0,0,0
KEY,KEY,1,0,0,0,0,0,0,0,0,0,0,0,0,1,0,0,0
KEYS,KEYS,1,0,0,0,0,0,0,0,0,0,0,0,0,1,0,0,0
KHC,KHC,1,0,0,0,0,0,0,0,0,0,0,0,0,1,0,0,0
KIM,KIM,1,0,0,0,0,0,0,0,0,0,0,0,0,1,0,0,0
KKR,KKR,1,0,0,0,0,0,0,0,0,0,0,0,0,1,0,0,0
KLAC,KLAC,1,0,0,0,0,0,0,0,0,0,0,0,0,1,0,0,0
KMB,KMB,1,0,0,0,0,0,0,0,0,0,0,0,0,1,0,0,0
KMI,KMI,2,1,0,0,0,0,0,0,0,0,0,0,0,1,0,0,0
KO,KO,1,0,0,0,0,0,0,0,0,0,0,0,0,1,0,0,0
KR,KR,1,0,0,0,0,0,0,0,0,0,0,0,0,1,0,0,0
KVUE,KVUE,1,0,0,0,0,0,0,0,0,0,0,0,0,1,0,0,0
LDOS,LDOS,2,1,0,0,0,0,0,0,0,0,0,0,0,1,0,0,0
LEN,LEN,2,1,0,0,0,0,0,0,0,0,0,0,0,1,0,0,0
LEVI,LEVI,2,1,0,0,0,0,0,0,0,0,0,0,0,1,0,0,0
LH,LH,2,1,0,0,0,0,0,0,0,0,0,0,0,1,0,0,0
LHX,LHX,2,1,0,0,0,0,0,0,0,0,0,0,0,1,0,0,0
LII,LII,2,1,0,0,0,0,0,0,0,0,0,0,0,1,0,0,0
LIN,LIN,2,1,0,0,0,0,0,0,0,0,0,0,0,1,0,0,0
LITE,LITE,2,1,0,0,0,0,0,0,0,0,0,0,0,1,0,0,0
LLY,LLY,2,1,0,0,0,0,0,0,0,0,0,0,0,1,0,0,0
LMT,LMT,2,1,0,0,0,0,0,0,0,0,0,0,0,1,0,0,0
LNT,LNT,1,0,0,0,0,0,0,0,0,0,0,0,0,1,0,0,0
LOW,LOW,2,1,0,0,0,0,0,0,0,0,0,0,0,1,0,0,0
LRCX,LRCX,2,1,0,0,0,0,0,0,0,0,0,0,0,1,0,0,0
LULU,LULU,2,1,0,0,0,0,0,0,0,0,0,0,0,1,0,0,0
LUV,LUV,2,1,0,0,0,0,0,0,0,0,0,0,0,1,0,0,0
LVS,LVS,2,1,0,0,0,0,0,0,0,0,0,0,0,1,0,0,0
LYB,LYB,2,1,0,0,0,0,0,0,0,0,0,0,0,1,0,0,0
LYFT,LYFT,2,1,0,0,0,0,0,0,0,0,0,0,0,1,0,0,0
LYV,LYV,2,1,0,0,0,0,0,0,0,0,0,0,0,1,0,0,0
MA,MA,2,1,0,0,0,0,0,0,0,0,0,0,0,1,0,0,0
MAA,MAA,2,1,0,0,0,0,0,0,0,0,0,0,0,1,0,0,0
MANH,MANH,2,1,0,0,0,0,0,0,0,0,0,0,0,1,0,0,0
MAR,MAR,2,1,0,0,0,0,0,0,0,0,0,0,0,1,0,0,0
MAS,MAS,2,1,0,0,0,0,0,0,0,0,0,0,0,1,0,0,0
MCD,MCD,2,1,0,0,0,0,0,0,0,0,0,0,0,1,0,0,0
MCHP,MCHP,2,1,0,0,0,0,0,0,0,0,0,0,0,1,0,0,0
MCK,MCK,3,1,1,0,0,0,0,0,0,0,0,0,0,1,0,0,0
MCO,MCO,3,1,1,0,0,0,0,0,0,0,0,0,0,1,0,0,0
MDB,MDB,3,1,1,0,0,0,0,0,0,0,0,0,0,1,0,0,0
MDLZ,MDLZ,3,1,1,0,0,0,0,0,0,0,0,0,0,1,0,0,0
MDT,MDT,3,1,1,0,0,0,0,0,0,0,0,0,0,1,0,0,0
MEDP,MEDP,3,1,1,0,0,0,0,0,0,0,0,0,0,1,0,0,0
MET,MET,3,1,1,0,0,0,0,0,0,0,0,0,0,1,0,0,0
META,META,3,1,1,0,0,0,0,0,0,0,0,0,0,1,0,0,0
MGM,MGM,3,1,1,0,0,0,0,0,0,0,0,0,0,1,0,0,0
MIDD,MIDD,3,1,1,0,0,0,0,0,0,0,0,0,0,1,0,0,0
MKC,MKC,3,1,1,0,0,0,0,0,0,0,0,0,0,1,0,0,0
MLM,MLM,3,1,1,0,0,0,0,0,0,0,0,0,0,1,0,0,0
MMM,3M,16,1,1,1,1,1,1,1,1,1,1,1,1,1,1,1,1
MNST,MNST,3,1,1,0,0,0,0,0,0,0,0,0,0,1,0,0,0
MO,MO,1,0,0,0,0,0,0,0,0,0,0,0,0,1,0,0,0
MOS,MOS,3,1,1,0,0,0,0,0,0,0,0,0,0,1,0,0,0
MPC,MPC,3,1,1,0,0,0,0,0,0,0,0,0,0,1,0,0,0
MPWR,MPWR,3,1,1,0,0,0,0,0,0,0,0,0,0,1,0,0,0
MRK,MRK,3,1,1,0,0,0,0,0,0,0,0,0,0,1,0,0,0
MRNA,MRNA,3,1,1,0,0,0,0,0,0,0,0,0,0,1,0,0,0
MRSH,MRSH,3,1,1,0,0,0,0,0,0,0,0,0,0,1,0,0,0
MS,MS,3,1,1,0,0,0,0,0,0,0,0,0,0,1,0,0,0
MSCI,MSCI,3,1,1,0,0,0,0,0,0,0,0,0,0,1,0,0,0
MSFT,MSFT,3,1,1,0,0,0,0,0,0,0,0,0,0,1,0,0,0
MSI,MSI,3,1,1,0,0,0,0,0,0,0,0,0,0,1,0,0,0
MTB,MTB,3,1,1,0,0,0,0,0,0,0,0,0,0,1,0,0,0
MTD,MTD,3,1,1,0,0,0,0,0,0,0,0,0,0,1,0,0,0
MU,MU,3,1,1,0,0,0,0,0,0,0,0,0,0,1,0,0,0
NBIX,NBIX,3,1,1,0,0,0,0,0,0,0,0,0,0,1,0,0,0
NCLH,NCLH,3,1,1,0,0,0,0,0,0,0,0,0,0,1,0,0,0
NDAQ,NDAQ,3,1,1,0,0,0,0,0,0,0,0,0,0,1,0,0,0
NDSN,NDSN,3,1,1,0,0,0,0,0,0,0,0,0,0,1,0,0,0
NEE,NEE,3,1,1,0,0,0,0,0,0,0,0,0,0,1,0,0,0
NEM,NEM,3,1,1,0,0,0,0,0,0,0,0,0,0,1,0,0,0
NEOG,NEOG,3,1,1,0,0,0,0,0,0,0,0,0,0,1,0,0,0
NET,NET,2,0,1,0,0,0,0,0,0,0,0,0,0,1,0,0,0
NFLX,NFLX,2,0,1,0,0,0,0,0,0,0,0,0,0,1,0,0,0
NI,NI,2,0,1,0,0,0,0,0,0,0,0,0,0,1,0,0,0
NKE,NKE,2,0,1,0,0,0,0,0,0,0,0,0,0,1,0,0,0
NOC,NOC,2,0,1,0,0,0,0,0,0,0,0,0,0,1,0,0,0
NOW,NOW,2,0,1,0,0,0,0,0,0,0,0,0,0,1,0,0,0
NRG,NRG,2,0,1,0,0,0,0,0,0,0,0,0,0,1,0,0,0
NSC,NSC,2,0,1,0,0,0,0,0,0,0,0,0,0,1,0,0,0
NTAP,NTAP,2,0,1,0,0,0,0,0,0,0,0,0,0,1,0,0,0
NTRA,NTRA,2,0,1,0,0,0,0,0,0,0,0,0,0,1,0,0,0
NTRS,NTRS,2,0,1,0,0,0,0,0,0,0,0,0,0,1,0,0,0
NUE,NUE,2,0,1,0,0,0,0,0,0,0,0,0,0,1,0,0,0
NVDA,NVDA,2,0,1,0,0,0,0,0,0,0,0,0,0,1,0,0,0
NWS,NWS,2,0,1,0,0,0,0,0,0,0,0,0,0,1,0,0,0
NWSA,NWSA,2,0,1,0,0,0,0,0,0,0,0,0,0,1,0,0,0
NXPI,NXPI,2,0,1,0,0,0,0,0,0,0,0,0,0,1,0,0,0
NXT,NXT,1,0,0,0,0,0,0,0,0,0,0,0,0,1,0,0,0
O,O,2,0,1,0,0,0,0,0,0,0,0,0,0,1,0,0,0
ODFL,ODFL,2,0,1,0,0,0,0,0,0,0,0,0,0,1,0,0,0
OKE,OKE,2,0,1,0,0,0,0,0,0,0,0,0,0,1,0,0,0
OKTA,OKTA,2,0,1,0,0,0,0,0,0,0,0,0,0,1,0,0,0
OMC,OMC,2,0,1,0,0,0,0,0,0,0,0,0,0,1,0,0,0
ON,ON,2,0,1,0,0,0,0,0,0,0,0,0,0,1,0,0,0
ONON,ONON,2,0,1,0,0,0,0,0,0,0,0,0,0,1,0,0,0
ORCL,ORCL,2,0,1,0,0,0,0,0,0,0,0,0,0,1,0,0,0
ORLY,ORLY,2,0,1,0,0,0,0,0,0,0,0,0,0,1,0,0,0
OSK,OSK,2,0,1,0,0,0,0,0,0,0,0,0,0,1,0,0,0
OTIS,OTIS,1,0,0,0,0,0,0,0,0,0,0,0,0,1,0,0,0
OXY,OXY,1,0,0,0,0,0,0,0,0,0,0,0,0,1,0,0,0
PANW,PANW,1,0,0,0,0,0,0,0,0,0,0,0,0,1,0,0,0
PARA,PARA,1,0,0,0,0,0,0,0,0,0,0,0,0,1,0,0,0
PAYX,PAYX,1,0,0,0,0,0,0,0,0,0,0,0,0,1,0,0,0
PCAR,PCAR,1,0,0,0,0,0,0,0,0,0,0,0,0,1,0,0,0
PCG,PCG,1,0,0,0,0,0,0,0,0,0,0,0,0,1,0,0,0
PCTY,PCTY,1,0,0,0,0,0,0,0,0,0,0,0,0,1,0,0,0
PEG,PEG,1,0,0,0,0,0,0,0,0,0,0,0,0,1,0,0,0
PEN,PEN,1,0,0,0,0,0,0,0,0,0,0,0,0,1,0,0,0
PEP,PEP,1,0,0,0,0,0,0,0,0,0,0,0,0,1,0,0,0
PFE,PFE,1,0,0,0,0,0,0,0,0,0,0,0,0,1,0,0,0
PFG,PFG,1,0,0,0,0,0,0,0,0,0,0,0,0,1,0,0,0
PG,PG,1,0,0,0,0,0,0,0,0,0,0,0,0,1,0,0,0
PGR,PGR,1,0,0,0,0,0,0,0,0,0,0,0,0,1,0,0,0
PH,PH,1,0,0,0,0,0,0,0,0,0,0,0,0,1,0,0,0
PHM,PHM,1,0,0,0,0,0,0,0,0,0,0,0,0,1,0,0,0
PKG,PKG,1,0,0,0,0,0,0,0,0,0,0,0,0,1,0,0,0
PLD,PLD,1,0,0,0,0,0,0,0,0,0,0,0,0,1,0,0,0
PLTR,PLTR,1,0,0,0,0,0,0,0,0,0,0,0,0,1,0,0,0
PM,PM,1,0,0,0,0,0,0,0,0,0,0,0,0,1,0,0,0
PNC,PNC,1,0,0,0,0,0,0,0,0,0,0,0,0,1,0,0,0
PNR,PNR,1,0,0,0,0,0,0,0,0,0,0,0,0,1,0,0,0
PNW,PNW,1,0,0,0,0,0,0,0,0,0,0,0,0,1,0,0,0
PODD,PODD,1,0,0,0,0,0,0,0,0,0,0,0,0,1,0,0,0
POOL,POOL,1,0,0,0,0,0,0,0,0,0,0,0,0,1,0,0,0
PPG,PPG,1,0,0,0,0,0,0,0,0,0,0,0,0,1,0,0,0
PPL,PPL,1,0,0,0,0,0,0,0,0,0,0,0,0,1,0,0,0
PRU,PRU,1,0,0,0,0,0,0,0,0,0,0,0,0,1,0,0,0
PSA,PSA,1,0,0,0,0,0,0,0,0,0,0,0,0,1,0,0,0
PSKY,PSKY,1,0,0,0,0,0,0,0,0,0,0,0,0,1,0,0,0
PSX,PSX,1,0,0,0,0,0,0,0,0,0,0,0,0,1,0,0,0
PTC,PTC,1,0,0,0,0,0,0,0,0,0,0,0,0,1,0,0,0
PWR,PWR,1,0,0,0,0,0,0,0,0,0,0,0,0,1,0,0,0
PYPL,PYPL,1,0,0,0,0,0,0,0,0,0,0,0,0,1,0,0,0
QCOM,QCOM,1,0,0,0,0,0,0,0,0,0,0,0,0,1,0,0,0
RCL,RCL,1,0,0,0,0,0,0,0,0,0,0,0,0,1,0,0,0
REG,REG,1,0,0,0,0,0,0,0,0,0,0,0,0,1,0,0,0
REGN,REGN,1,0,0,0,0,0,0,0,0,0,0,0,0,1,0,0,0
RF,RF,1,0,0,0,0,0,0,0,0,0,0,0,0,1,0,0,0
RGEN,RGEN,1,0,0,0,0,0,0,0,0,0,0,0,0,1,0,0,0
RGLD,RGLD,1,0,0,0,0,0,0,0,0,0,0,0,0,1,0,0,0
RIVN,RIVN,1,0,0,0,0,0,0,0,0,0,0,0,0,1,0,0,0
RJF,RJF,1,0,0,0,0,0,0,0,0,0,0,0,0,1,0,0,0
RL,RL,1,0,0,0,0,0,0,0,0,0,0,0,0,1,0,0,0
RMD,RMD,1,0,0,0,0,0,0,0,0,0,0,0,0,1,0,0,0
ROK,ROK,1,0,0,0,0,0,0,0,0,0,0,0,0,1,0,0,0
ROL,ROL,1,0,0,0,0,0,0,0,0,0,0,0,0,1,0,0,0
ROP,ROP,1,0,0,0,0,0,0,0,0,0,0,0,0,1,0,0,0
ROST,ROST,1,0,0,0,0,0,0,0,0,0,0,0,0,1,0,0,0
RSG,RSG,1,0,0,0,0,0,0,0,0,0,0,0,0,1,0,0,0
RTX,RTX,1,0,0,0,0,0,0,0,0,0,0,0,0,1,0,0,0
RVTY,RVTY,1,0,0,0,0,0,0,0,0,0,0,0,0,1,0,0,0
RYAN,RYAN,1,0,0,0,0,0,0,0,0,0,0,0,0,1,0,0,0
SAIA,SAIA,1,0,0,0,0,0,0,0,0,0,0,0,0,1,0,0,0
SATS,SATS,1,0,0,0,0,0,0,0,0,0,0,0,0,1,0,0,0
SBAC,SBAC,1,0,0,0,0,0,0,0,0,0,0,0,0,1,0,0,0
SBUX,SBUX,1,0,0,0,0,0,0,0,0,0,0,0,0,1,0,0,0
SCHW,SCHW,1,0,0,0,0,0,0,0,0,0,0,0,0,1,0,0,0
SFM,SFM,1,0,0,0,0,0,0,0,0,0,0,0,0,1,0,0,0
SHOP,SHOP,1,0,0,0,0,0,0,0,0,0,0,0,0,1,0,0,0
SHW,SHW,1,0,0,0,0,0,0,0,0,0,0,0,0,1,0,0,0
SITE,SITE,1,0,0,0,0,0,0,0,0,0,0,0,0,1,0,0,0
SJM,SJM,1,0,0,0,0,0,0,0,0,0,0,0,0,1,0,0,0
SKX,SKX,1,0,0,0,0,0,0,0,0,0,0,0,0,1,0,0,0
SLB,SLB,1,0,0,0,0,0,0,0,0,0,0,0,0,1,0,0,0
SMAR,SMAR,1,0,0,0,0,0,0,0,0,0,0,0,0,1,0,0,0
SMCI,SMCI,1,0,0,0,0,0,0,0,0,0,0,0,0,1,0,0,0
SMTC,SMTC,1,0,0,0,0,0,0,0,0,0,0,0,0,1,0,0,0
SNA,SNA,1,0,0,0,0,0,0,0,0,0,0,0,0,1,0,0,0
SNOW,SNOW,1,0,0,0,0,0,0,0,0,0,0,0,0,1,0,0,0
SNPS,SNPS,1,0,0,0,0,0,0,0,0,0,0,0,0,1,0,0,0
SO,SO,1,0,0,0,0,0,0,0,0,0,0,0,0,1,0,0,0
SOLV,SOLV,1,0,0,0,0,0,0,0,0,0,0,0,0,1,0,0,0
SPG,SPG,1,0,0,0,0,0,0,0,0,0,0,0,0,1,0,0,0
SPGI,SPGI,1,0,0,0,0,0,0,0,0,0,0,0,0,1,0,0,0
SQ,SQ,1,0,0,0,0,0,0,0,0,0,0,0,0,1,0,0,0
SRE,SRE,1,0,0,0,0,0,0,0,0,0,0,0,0,1,0,0,0
STE,STE,1,0,0,0,0,0,0,0,0,0,0,0,0,1,0,0,0
STLD,STLD,1,0,0,0,0,0,0,0,0,0,0,0,0,1,0,0,0
STT,STT,1,0,0,0,0,0,0,0,0,0,0,0,0,1,0,0,0
STX,STX,1,0,0,0,0,0,0,0,0,0,0,0,0,1,0,0,0
SW,SW,1,0,0,0,0,0,0,0,0,0,0,0,0,1,0,0,0
SWK,SWK,1,0,0,0,0,0,0,0,0,0,0,0,0,1,0,0,0
SWKS,SWKS,1,0,0,0,0,0,0,0,0,0,0,0,0,1,0,0,0
SYF,SYF,1,0,0,0,0,0,0,0,0,0,0,0,0,1,0,0,0
SYK,SYK,1,0,0,0,0,0,0,0,0,0,0,0,0,1,0,0,0
SYY,SYY,1,0,0,0,0,0,0,0,0,0,0,0,0,1,0,0,0
T,AT&T,12,1,1,1,1,1,1,1,1,1,1,1,0,1,0,0,0
TAP,TAP,1,0,0,0,0,0,0,0,0,0,0,0,0,1,0,0,0
TDG,TDG,1,0,0,0,0,0,0,0,0,0,0,0,0,1,0,0,0
TDY,TDY,1,0,0,0,0,0,0,0,0,0,0,0,0,1,0,0,0
TEAM,TEAM,1,0,0,0,0,0,0,0,0,0,0,0,0,1,0,0,0
TECH,TECH,1,0,0,0,0,0,0,0,0,0,0,0,0,1,0,0,0
TEL,TEL,1,0,0,0,0,0,0,0,0,0,0,0,0,1,0,0,0
TER,TER,1,0,0,0,0,0,0,0,0,0,0,0,0,1,0,0,0
TFC,TFC,1,0,0,0,0,0,0,0,0,0,0,0,0,1,0,0,0
TGT,TGT,1,0,0,0,0,0,0,0,0,0,0,0,0,1,0,0,0
TJX,TJX,1,0,0,0,0,0,0,0,0,0,0,0,0,1,0,0,0
TKO,TKO,1,0,0,0,0,0,0,0,0,0,0,0,0,1,0,0,0
TMO,TMO,1,0,0,0,0,0,0,0,0,0,0,0,0,1,0,0,0
TMUS,TMUS,1,0,0,0,0,0,0,0,0,0,0,0,0,1,0,0,0
TPL,TPL,1,0,0,0,0,0,0,0,0,0,0,0,0,1,0,0,0
TPR,TPR,1,0,0,0,0,0,0,0,0,0,0,0,0,1,0,0,0
TRGP,TRGP,1,0,0,0,0,0,0,0,0,0,0,0,0,1,0,0,0
TRMB,TRMB,2,1,0,0,0,0,0,0,0,0,0,0,0,1,0,0,0
TROW,TROW,1,0,0,0,0,0,0,0,0,0,0,0,0,1,0,0,0
TRV,TRV,2,1,0,0,0,0,0,0,0,0,0,0,0,1,0,0,0
TSCO,TSCO,2,1,0,0,0,0,0,0,0,0,0,0,0,1,0,0,0
TSLA,TSLA,2,1,0,0,0,0,0,0,0,0,0,0,0,1,0,0,0
TSN,TSN,2,1,0,0,0,0,0,0,0,0,0,0,0,1,0,0,0
TT,TT,2,1,0,0,0,0,0,0,0,0,0,0,0,1,0,0,0
TTD,TTD,2,1,0,0,0,0,0,0,0,0,0,0,0,1,0,0,0
TTWO,TTWO,2,1,0,0,0,0,0,0,0,0,0,0,0,1,0,0,0
TXN,TXN,2,1,0,0,0,0,0,0,0,0,0,0,0,1,0,0,0
TXT,TXT,2,1,0,0,0,0,0,0,0,0,0,0,0,1,0,0,0
TYL,TYL,2,1,0,0,0,0,0,0,0,0,0,0,0,1,0,0,0
UAL,UAL,2,1,0,0,0,0,0,0,0,0,0,0,0,1,0,0,0
UBER,UBER,2,1,0,0,0,0,0,0,0,0,0,0,0,1,0,0,0
UDR,UDR,2,1,0,0,0,0,0,0,0,0,0,0,0,1,0,0,0
UHS,UHS,2,1,0,0,0,0,0,0,0,0,0,0,0,1,0,0,0
ULTA,ULTA,2,1,0,0,0,0,0,0,0,0,0,0,0,1,0,0,0
UNH,UNH,2,1,0,0,0,0,0,0,0,0,0,0,0,1,0,0,0
UNP,UNP,2,1,0,0,0,0,0,0,0,0,0,0,0,1,0,0,0
UPS,UPS,2,1,0,0,0,0,0,0,0,0,0,0,0,1,0,0,0
URI,URI,2,1,0,0,0,0,0,0,0,0,0,0,0,1,0,0,0
USB,USB,2,1,0,0,0,0,0,0,0,0,0,0,0,1,0,0,0
V,V,2,1,0,0,0,0,0,0,0,0,0,0,0,1,0,0,0
VEEV,VEEV,2,1,0,0,0,0,0,0,0,0,0,0,0,1,0,0,0
VICI,VICI,2,1,0,0,0,0,0,0,0,0,0,0,0,1,0,0,0
VLO,VLO,2,1,0,0,0,0,0,0,0,0,0,0,0,1,0,0,0
VLTO,VLTO,1,0,0,0,0,0,0,0,0,0,0,0,0,1,0,0,0
VMC,VMC,2,1,0,0,0,0,0,0,0,0,0,0,0,0,1,0,0
VRSK,VRSK,2,1,0,0,0,0,0,0,0,0,0,0,0,1,0,0,0
VRSN,VRSN,2,1,0,0,0,0,0,0,0,0,0,0,0,1,0,0,0
VRT,VRT,2,1,0,0,0,0,0,0,0,0,0,0,0,1,0,0,0
VRTX,VRTX,2,1,0,0,0,0,0,0,0,0,0,0,0,1,0,0,0
VST,VST,2,1,0,0,0,0,0,0,0,0,0,0,0,0,1,0,0
VTR,VTR,2,1,0,0,0,0,0,0,0,0,0,0,0,1,0,0,0
VTRS,VTRS,2,1,0,0,0,0,0,0,0,0,0,0,0,1,0,0,0
VZ,VZ,2,1,0,0,0,0,0,0,0,0,0,0,0,1,0,0,0
WAB,WAB,2,1,0,0,0,0,0,0,0,0,0,0,0,0,1,0,0
WAT,WAT,2,1,0,0,0,0,0,0,0,0,0,0,0,0,1,0,0
WBD,WBD,2,1,0,0,0,0,0,0,0,0,0,0,0,1,0,0,0
WDAY,WDAY,2,1,0,0,0,0,0,0,0,0,0,0,0,1,0,0,0
WDC,WDC,2,1,0,0,0,0,0,0,0,0,0,0,0,0,1,0,0
WEC,WEC,2,1,0,0,0,0,0,0,0,0,0,0,0,0,1,0,0
WELL,WELL,2,1,0,0,0,0,0,0,0,0,0,0,0,0,1,0,0
WFC,WFC,2,1,0,0,0,0,0,0,0,0,0,0,0,1,0,0,0
WM,WM,2,1,0,0,0,0,0,0,0,0,0,0,0,0,1,0,0
WMB,WMB,2,1,0,0,0,0,0,0,0,0,0,0,0,0,1,0,0
WMT,WMT,2,1,0,0,0,0,0,0,0,0,0,0,0,1,0,0,0
WRB,WRB,2,1,0,0,0,0,0,0,0,0,0,0,0,0,1,0,0
WSM,WSM,2,1,0,0,0,0,0,0,0,0,0,0,0,0,1,0,0
WST,WST,2,1,0,0,0,0,0,0,0,0,0,0,0,0,1,0,0
WTW,WTW,2,1,0,0,0,0,0,0,0,0,0,0,0,0,1,0,0
WY,WY,2,1,0,0,0,0,0,0,0,0,0,0,0,0,1,0,0
WYNN,WYNN,2,1,0,0,0,0,0,0,0,0,0,0,0,0,1,0,0
XEL,XEL,2,1,0,0,0,0,0,0,0,0,0,0,0,0,1,0,0
XOM,XOM,2,1,0,0,0,0,0,0,0,0,0,0,0,1,0,0,0
XYL,XYL,2,1,0,0,0,0,0,0,0,0,0,0,0,0,1,0,0
XYZ,XYZ,1,0,0,0,0,0,0,0,0,0,0,0,0,1,0,0,0
YUM,YUM,2,1,0,0,0,0,0,0,0,0,0,0,0,0,1,0,0
ZBH,ZBH,2,1,0,0,0,0,0,0,0,0,0,0,0,0,1,0,0
ZBRA,ZBRA,2,1,0,0,0,0,0,0,0,0,0,0,0,0,1,0,0
ZS,ZS,2,1,0,0,0,0,0,0,0,0,0,0,0,1,0,0,0
ZTS,ZTS,1,0,0,0,0,0,0,0,0,0,0,0,0,0,1,0,0
